,Cultivar ID,Sequences,Plant Height(cm),Subpopulation,Yield
0,W128,133414344,149.8,Intermediate,46.26
1,W030,433441344,172.6,Indica Intermediate,42.82
2,W049,433441343,156.9,Aus,25.26
3,W134,433441343,156.9,Aus,49.84
4,W256,433441333,145.1,VI/Aromatic,28.73
5,W081,433441333,145.1,VI/Aromatic,19.74
6,W028,443444343,164.2,Aus,29.82
7,W099,433444343,154.8842105263158,Aus,39.03
8,W287,433444343,154.8842105263158,Aus,40.88
9,W115,433444343,154.8842105263158,Aus,40.41
10,W076,433444343,154.8842105263158,Aus,35.3
11,W142,433444343,154.8842105263158,Aus,27.19
12,W096,433444343,154.8842105263158,Aus,38.39
13,W098,433444343,154.8842105263158,Aus,52.36
14,W069,433444343,154.8842105263158,Aus,34.34
15,W092,433444343,154.8842105263158,Aus,39.43
16,W286,433444343,154.8842105263158,Aus,31.4
17,W292,433444343,154.8842105263158,Aus,38.98
18,W108,433444343,154.8842105263158,Aus,39.54
19,W214,433444343,154.8842105263158,Aus,40.57
20,W100,433444343,154.8842105263158,Aus,41.25
21,W131,433444343,154.8842105263158,Aus,37.53
22,W037,433444343,154.8842105263158,Aus,26.79
23,W090,433444343,154.8842105263158,Aus,52.77
24,W104,433444343,154.8842105263158,Aus,24.13
25,W094,433444343,154.8842105263158,Aus,29.83
26,W020,433444433,142.1,Aus,30.08
27,W079,433444434,142.1,Aus,32.29
28,C095,433444443,153.9425,Indica I,12.28
29,W036,433444443,153.9425,Indica I,52.97
30,W026,433444443,153.9425,Indica I,46.69
31,W124,433444443,153.9425,Indica I,29.85
32,W066,433444444,131.32,Indica III,28.08
33,W093,433444444,131.32,Indica III,27.89
34,W089,433444444,131.32,Indica III,43.14
35,W241,433444444,131.32,Indica III,51.51
36,W023,433444444,131.32,Indica III,42.76
37,W014,433444334,158.0,VI/Aromatic,29.41
38,W252,433444333,162.775,Aus,34.15
39,W095,433444333,162.775,Aus,43.35
40,W048,433444333,162.775,Aus,30.36
41,W091,433444333,162.775,Aus,33.09
42,W279,433444333,162.775,Aus,43.34
43,W219,433444333,162.775,Aus,35.0
44,W278,433444333,162.775,Aus,39.45
45,W255,433444333,162.775,Aus,49.88
46,W140,433444344,157.60000000000002,Aus,38.4
47,W106,433444344,157.60000000000002,Aus,29.99
48,W141,433444343,154.4946153846154,Aus,37.55
49,W025,433444343,154.4946153846154,Aus,29.24
50,W015,433444343,154.4946153846154,Aus,71.1
51,W034,433444343,154.4946153846154,Aus,38.19
52,W297,433444343,154.4946153846154,Aus,24.91
53,C013,433444343,154.4946153846154,Aus,25.71
54,W121,433444343,154.4946153846154,Aus,41.53
55,W296,433444343,154.4946153846154,Aus,34.9
56,W042,433444343,154.4946153846154,Aus,36.42
57,W103,433444343,154.4946153846154,Aus,26.82
58,W280,433444343,154.4946153846154,Aus,49.27
59,W215,433444343,154.4946153846154,Aus,53.44
60,W072,433444343,154.4946153846154,Aus,30.61
61,W112,434444344,176.265,Indica III,43.85
62,C139,434444343,176.265,Indica III,17.37
63,W054,433444444,171.35454545454544,Indica I,39.47
64,C194,433444444,171.35454545454544,Indica I,11.93
65,C047,433444444,171.35454545454544,Indica I,22.12
66,W009,433444444,171.35454545454544,Indica I,30.1
67,C104,433444444,171.35454545454544,Indica I,13.31
68,C108,433444444,171.35454545454544,Indica I,16.56
69,C080,433444444,171.35454545454544,Indica I,23.69
70,C097,433444444,171.35454545454544,Indica I,13.57
71,W203,433444444,171.35454545454544,Indica I,55.14
72,C109,433444444,171.35454545454544,Indica I,8.97
73,W111,433444444,171.35454545454544,Indica I,29.52
74,W235,443444443,148.4,Indica I,56.42
75,W032,433444443,167.38105263157894,Indica I,38.75
76,W320,433444443,167.38105263157894,Indica I,13.07
77,C088,433444443,167.38105263157894,Indica I,15.18
78,C141,433444443,167.38105263157894,Indica I,21.38
79,C199,433444443,167.38105263157894,Indica I,21.81
80,C073,433444443,167.38105263157894,Indica I,15.67
81,C100,433444443,167.38105263157894,Indica I,12.15
82,W031,433444443,167.38105263157894,Indica I,38.67
83,C136,433444443,167.38105263157894,Indica I,21.26
84,C198,433444443,167.38105263157894,Indica I,21.4
85,C135,433444443,167.38105263157894,Indica I,17.25
86,W126,433444443,167.38105263157894,Indica I,59.9
87,C129,433444443,167.38105263157894,Indica I,38.8
88,C190,433444443,167.38105263157894,Indica I,22.79
89,W272,433444443,167.38105263157894,Indica I,49.72
90,W039,433444443,167.38105263157894,Indica I,48.93
91,C200,433444443,167.38105263157894,Indica I,15.08
92,C201,433444443,167.38105263157894,Indica I,24.53
93,C096,433444443,167.38105263157894,Indica I,12.05
94,W145,433441344,177.4,Indica Intermediate,25.75
95,C090,433441444,157.02285714285713,Indica I,31.86
96,C197,433441444,157.02285714285713,Indica I,11.31
97,W204,433441444,157.02285714285713,Indica I,50.0
98,C132,433441444,157.02285714285713,Indica I,13.14
99,W080,433441444,157.02285714285713,Indica I,54.17
100,W205,433441444,157.02285714285713,Indica I,44.07
101,C055,433441444,157.02285714285713,Indica I,21.49
102,W047,433441334,203.2,Japonica Intermediate,18.86
103,W247,433441434,168.3,Indica I,49.59
104,W210,433441434,168.3,Indica I,92.66
105,W258,433441333,158.4,VI/Aromatic,33.53
106,W077,433444333,166.34571428571428,VI/Aromatic,36.33
107,W136,433444333,166.34571428571428,VI/Aromatic,21.79
108,W277,433444333,166.34571428571428,VI/Aromatic,32.52
109,C002,433444333,166.34571428571428,VI/Aromatic,15.18
110,C015,433444333,166.34571428571428,VI/Aromatic,23.25
111,W220,433444333,166.34571428571428,VI/Aromatic,42.36
112,W330,433444333,166.34571428571428,VI/Aromatic,33.92
113,C202,433444433,176.33,Indica I,16.82
114,C076,433441433,147.106,Indica I,18.58
115,W001,433441433,147.106,Indica I,22.49
116,C077,433441433,147.106,Indica I,14.78
117,C184,433441433,147.106,Indica I,16.07
118,C081,433441433,147.106,Indica I,15.53
119,W135,434441343,172.8,Indica Intermediate,49.14
120,C086,433441343,163.03428571428572,Indica Intermediate,8.53
121,W129,433441343,163.03428571428572,Indica Intermediate,62.08
122,W035,433441343,163.03428571428572,Indica Intermediate,28.86
123,W137,433441343,163.03428571428572,Indica Intermediate,34.35
124,W075,433441343,163.03428571428572,Indica Intermediate,49.48
125,W105,433441343,163.03428571428572,Indica Intermediate,39.44
126,C098,433441343,163.03428571428572,Indica Intermediate,15.41
127,W198,433441443,165.01857142857142,Indica I,39.96
128,W074,433441443,165.01857142857142,Indica I,36.26
129,C140,433441443,165.01857142857142,Indica I,10.51
130,W212,433441443,165.01857142857142,Indica I,66.98
131,W144,433441443,165.01857142857142,Indica I,39.58
132,C182,433441443,165.01857142857142,Indica I,15.27
133,C110,433441443,165.01857142857142,Indica I,20.66
134,C143,433441443,148.68200000000002,Indica I,6.52
135,C125,433441443,148.68200000000002,Indica I,14.01
136,W114,433441443,148.68200000000002,Indica I,28.55
137,W314,433441443,148.68200000000002,Indica I,45.76
138,W282,433441443,148.68200000000002,Indica I,13.96
139,W306,434444333,129.6,VI/Aromatic,28.41
140,W050,434441333,159.84,Japonica Intermediate,32.39
141,C085,434441333,159.84,Japonica Intermediate,18.64
142,C084,434441333,159.84,Japonica Intermediate,9.1
143,C001,434444333,138.265,Indica I,24.13
144,W261,434444333,138.265,Indica I,37.25
145,C121,434444434,122.86999999999999,Indica Intermediate,37.33
146,C036,434444434,122.86999999999999,Indica Intermediate,28.86
147,W299,434444444,110.88571428571429,Indica II,36.96
148,W154,434444444,110.88571428571429,Indica II,60.98
149,W321,434444444,110.88571428571429,Indica II,30.24
150,W194,434444444,110.88571428571429,Indica II,53.24
151,W172,434444444,110.88571428571429,Indica II,40.94
152,W147,434444444,110.88571428571429,Indica II,65.87
153,W304,434444444,110.88571428571429,Indica II,25.07
154,C192,434444444,134.65,Indica Intermediate,11.77
155,W298,434444444,134.65,Indica Intermediate,39.21
156,C107,434444444,134.65,Indica Intermediate,20.04
157,C072,434444444,134.65,Indica Intermediate,28.47
158,C175,434444444,134.65,Indica Intermediate,27.96
159,C162,434444444,134.65,Indica Intermediate,12.92
160,W181,434444444,134.65,Indica Intermediate,67.62
161,W148,434444444,134.65,Indica Intermediate,53.04
162,W291,434444444,134.65,Indica Intermediate,13.96
163,W274,434444444,134.65,Indica Intermediate,27.06
164,C142,434444444,134.65,Indica Intermediate,18.58
165,C145,134441434,88.17666666666666,Indica I,27.41
166,C024,134441434,88.17666666666666,Indica I,21.54
167,C114,134441434,88.17666666666666,Indica I,22.13
168,C122,434441434,96.64384615384616,Indica I,38.68
169,C021,434441434,96.64384615384616,Indica I,24.08
170,C161,434441434,96.64384615384616,Indica I,25.21
171,C158,434441434,96.64384615384616,Indica I,26.08
172,C059,434441434,96.64384615384616,Indica I,24.25
173,C039,434441434,96.64384615384616,Indica I,30.07
174,C020,434441434,96.64384615384616,Indica I,21.41
175,W223,434441434,96.64384615384616,Indica I,52.59
176,C156,434441434,96.64384615384616,Indica I,15.13
177,C159,434441434,96.64384615384616,Indica I,32.72
178,C033,434441434,96.64384615384616,Indica I,25.18
179,C155,434441434,96.64384615384616,Indica I,17.93
180,C058,434441434,96.64384615384616,Indica I,16.26
181,C078,434444443,133.73333333333335,Indica Intermediate,18.63
182,W084,434444443,133.73333333333335,Indica Intermediate,27.97
183,C173,434444443,133.73333333333335,Indica Intermediate,19.72
184,C193,434444433,156.07,Indica I,22.5
185,C180,434444433,156.07,Indica I,19.29
186,C183,434444433,156.07,Indica I,13.52
187,W132,434444433,156.07,Indica I,47.57
188,C128,434444433,156.07,Indica I,37.31
189,W029,434441433,131.26500000000001,Indica Intermediate,33.16
190,C060,434441433,131.26500000000001,Indica Intermediate,25.52
191,C131,434441443,135.024375,Indica Intermediate,21.29
192,C191,434441443,135.024375,Indica Intermediate,28.88
193,W269,434441443,135.024375,Indica Intermediate,53.08
194,C127,434441443,135.024375,Indica Intermediate,28.27
195,W073,434441443,135.024375,Indica Intermediate,31.0
196,W199,434441443,135.024375,Indica Intermediate,48.37
197,W101,434441443,135.024375,Indica Intermediate,43.36
198,C176,434441443,135.024375,Indica Intermediate,16.33
199,W133,434441443,135.024375,Indica Intermediate,37.09
200,W270,434441443,135.024375,Indica Intermediate,43.21
201,W206,434441443,135.024375,Indica Intermediate,32.66
202,W266,434441443,135.024375,Indica Intermediate,13.96
203,C041,434441443,135.024375,Indica Intermediate,26.12
204,W246,434441443,135.024375,Indica Intermediate,51.53
205,C091,434441443,135.024375,Indica Intermediate,18.66
206,C092,434441443,135.024375,Indica Intermediate,18.02
207,W143,434411333,191.99666666666667,Temperate Japonica,13.77
208,C134,434411333,191.99666666666667,Temperate Japonica,11.19
209,C144,434411333,191.99666666666667,Temperate Japonica,11.16
210,C106,434411333,186.68,Temperate Japonica,12.18
211,W319,434411333,186.68,Temperate Japonica,12.88
212,C101,434411333,186.68,Temperate Japonica,15.45
213,C111,434411333,186.68,Temperate Japonica,4.41
214,C137,434411333,186.68,Temperate Japonica,16.62
215,C172,134411334,104.5025,Temperate Japonica,24.85
216,C120,134411334,104.5025,Temperate Japonica,18.72
217,C149,134411334,104.5025,Temperate Japonica,27.48
218,C063,134411333,104.5025,Temperate Japonica,42.22
219,W021,134441343,126.83333333333334,Japonica Intermediate,29.0
220,C052,134441343,126.83333333333334,Japonica Intermediate,23.61
221,W323,134441343,126.83333333333334,Japonica Intermediate,19.09
222,W327,134441343,126.83333333333334,Japonica Intermediate,35.33
223,C185,134441343,126.83333333333334,Japonica Intermediate,9.56
224,W003,134411343,126.83333333333334,Japonica Intermediate,23.73
225,W122,434441343,147.22533333333334,Temperate Japonica,25.77
226,C074,434441343,147.22533333333334,Temperate Japonica,17.51
227,C138,434441343,147.22533333333334,Temperate Japonica,13.9
228,C082,434441343,147.22533333333334,Temperate Japonica,29.72
229,W326,434441343,147.22533333333334,Temperate Japonica,24.96
230,C179,434441343,147.22533333333334,Temperate Japonica,18.55
231,W082,434441343,147.22533333333334,Temperate Japonica,25.41
232,W127,434441343,147.22533333333334,Temperate Japonica,29.53
233,W097,434441343,147.22533333333334,Temperate Japonica,27.6
234,C067,434441343,147.22533333333334,Temperate Japonica,25.99
235,C071,434441343,147.22533333333334,Temperate Japonica,26.85
236,C075,434441343,147.22533333333334,Temperate Japonica,28.7
237,W324,434441343,147.22533333333334,Temperate Japonica,20.18
238,C171,434441343,147.22533333333334,Temperate Japonica,22.73
239,C186,434441343,147.22533333333334,Temperate Japonica,28.61
240,C133,434411343,165.34666666666666,Temperate Japonica,23.19
241,W325,434411343,165.34666666666666,Temperate Japonica,10.7
242,C004,434411343,165.34666666666666,Temperate Japonica,18.82
243,C196,434411343,165.34666666666666,Temperate Japonica,16.74
244,C130,434411343,165.34666666666666,Temperate Japonica,13.15
245,W102,434411343,165.34666666666666,Temperate Japonica,12.67
246,C103,434411343,165.34666666666666,Temperate Japonica,17.56
247,C079,434411343,165.34666666666666,Temperate Japonica,20.06
248,C093,434411343,165.34666666666666,Temperate Japonica,10.24
249,W155,134444444,125.2,Indica Intermediate,44.83
250,W125,134444344,125.2,Indica Intermediate,25.54
251,W063,134441344,99.38333333333333,Temperate Japonica,25.25
252,C057,134441344,99.38333333333333,Temperate Japonica,18.28
253,W130,134441344,99.38333333333333,Temperate Japonica,22.98
254,W010,134441344,99.38333333333333,Temperate Japonica,25.72
255,C029,134441344,99.38333333333333,Temperate Japonica,19.0
256,C154,134441344,99.38333333333333,Temperate Japonica,8.95
257,W052,134441344,99.38333333333333,Temperate Japonica,22.37
258,C032,134441344,99.38333333333333,Temperate Japonica,22.01
259,C035,134441344,99.38333333333333,Temperate Japonica,15.55
260,W061,134441344,99.38333333333333,Temperate Japonica,29.27
261,W088,134441344,99.38333333333333,Temperate Japonica,19.23
262,C146,134441344,99.38333333333333,Temperate Japonica,20.77
263,W109,134441344,99.38333333333333,Temperate Japonica,10.06
264,C018,134441344,99.38333333333333,Temperate Japonica,14.89
265,C116,134441344,99.38333333333333,Temperate Japonica,27.4
266,C150,134441344,99.38333333333333,Temperate Japonica,18.31
267,W160,134441344,99.38333333333333,Temperate Japonica,42.64
268,C026,134441344,99.38333333333333,Temperate Japonica,25.89
269,W158,134441344,99.38333333333333,Temperate Japonica,51.52
270,C152,134441344,99.38333333333333,Temperate Japonica,18.94
271,W283,134441344,99.38333333333333,Temperate Japonica,11.96
272,W207,134441344,99.38333333333333,Temperate Japonica,42.97
273,C064,134441344,99.38333333333333,Temperate Japonica,23.28
274,W013,134441344,99.38333333333333,Temperate Japonica,31.51
275,W012,134441344,99.38333333333333,Temperate Japonica,11.32
276,C028,134441344,99.38333333333333,Temperate Japonica,25.84
277,W117,134441344,99.38333333333333,Temperate Japonica,16.21
278,W162,134441344,99.38333333333333,Temperate Japonica,74.84
279,C048,134441344,99.38333333333333,Temperate Japonica,25.65
280,W209,134441344,99.38333333333333,Temperate Japonica,55.34
281,W027,134441344,99.38333333333333,Temperate Japonica,15.93
282,C177,134441344,99.38333333333333,Temperate Japonica,13.13
283,W328,134441344,99.38333333333333,Temperate Japonica,7.69
284,C017,134441344,99.38333333333333,Temperate Japonica,8.94
285,W016,134441344,99.38333333333333,Temperate Japonica,6.03
286,W305,134441344,99.38333333333333,Temperate Japonica,22.28
287,W120,134441444,91.41666666666667,Temperate Japonica,19.56
288,C051,134441444,91.41666666666667,Temperate Japonica,24.56
289,W087,134441444,91.41666666666667,Temperate Japonica,28.51
290,C119,134441444,91.41666666666667,Temperate Japonica,17.49
291,C014,134441444,91.41666666666667,Temperate Japonica,22.39
292,W226,134441444,91.41666666666667,Temperate Japonica,34.59
293,W119,134411444,95.4,Tropical Japonica,21.24
294,W193,134411344,120.78,Temperate Japonica,43.01
295,W249,134411344,120.78,Temperate Japonica,30.02
296,W060,134411344,120.78,Temperate Japonica,23.06
297,C012,134411344,120.78,Temperate Japonica,22.97
298,W250,134411344,120.78,Temperate Japonica,25.87
299,C070,434411344,137.94142857142856,Temperate Japonica,16.79
300,C123,434411344,137.94142857142856,Temperate Japonica,40.51
301,C189,434411344,137.94142857142856,Temperate Japonica,17.58
302,W011,434411344,137.94142857142856,Temperate Japonica,30.85
303,W055,434411344,137.94142857142856,Temperate Japonica,23.26
304,W056,434411344,137.94142857142856,Temperate Japonica,32.73
305,W041,434411344,137.94142857142856,Temperate Japonica,22.38
306,W057,434411444,144.1435,Tropical Japonica,33.1
307,W024,434411444,144.1435,Tropical Japonica,20.07
308,W005,434411444,144.1435,Tropical Japonica,30.8
309,W254,434411444,144.1435,Tropical Japonica,33.2
310,W275,434411444,144.1435,Tropical Japonica,28.65
311,C153,434411444,144.1435,Tropical Japonica,35.52
312,W208,434411444,144.1435,Tropical Japonica,45.72
313,W253,434411444,144.1435,Tropical Japonica,43.12
314,W113,434411444,144.1435,Tropical Japonica,31.41
315,W251,434411444,144.1435,Tropical Japonica,29.24
316,W022,434411444,144.1435,Tropical Japonica,50.38
317,W053,434411444,144.1435,Tropical Japonica,23.21
318,W257,434411444,144.1435,Tropical Japonica,29.57
319,W065,434411444,144.1435,Tropical Japonica,35.81
320,W008,434411444,144.1435,Tropical Japonica,29.29
321,W006,434411444,144.1435,Tropical Japonica,33.06
322,W067,434411444,144.1435,Tropical Japonica,33.79
323,W303,434411444,144.1435,Tropical Japonica,32.36
324,W123,434411444,144.1435,Tropical Japonica,36.97
325,W017,434411444,144.1435,Tropical Japonica,24.03
326,C087,434411344,150.42333333333335,Tropical Japonica,16.44
327,W116,434411344,150.42333333333335,Tropical Japonica,29.11
328,W285,434411444,150.42333333333335,Tropical Japonica,24.48
329,W313,434441344,108.4,Indica Intermediate,42.46
330,C203,434441344,108.4,Indica Intermediate,13.12
331,W175,434441344,108.4,Indica Intermediate,32.07
332,W240,434441344,108.4,Indica Intermediate,45.03
333,C124,434441344,108.4,Indica Intermediate,19.71
334,W068,434441344,108.4,Indica Intermediate,26.34
335,W151,434441444,107.04567164179105,Indica II,51.34
336,W245,434441444,107.04567164179105,Indica II,12.75
337,C160,434441444,107.04567164179105,Indica II,21.27
338,W268,434441444,107.04567164179105,Indica II,47.52
339,W263,434441444,107.04567164179105,Indica II,32.59
340,W156,434441444,107.04567164179105,Indica II,40.36
341,W307,434441444,107.04567164179105,Indica II,13.96
342,C105,434441444,107.04567164179105,Indica II,15.0
343,C113,434441444,107.04567164179105,Indica II,12.22
344,W259,434441444,107.04567164179105,Indica II,57.48
345,W293,434441444,107.04567164179105,Indica II,41.4
346,W170,434441444,107.04567164179105,Indica II,36.14
347,W271,434441444,107.04567164179105,Indica II,48.11
348,C044,434441444,107.04567164179105,Indica II,20.22
349,W248,434441444,107.04567164179105,Indica II,34.34
350,W236,434441444,107.04567164179105,Indica II,50.76
351,W222,434441444,107.04567164179105,Indica II,55.67
352,C112,434441444,107.04567164179105,Indica II,18.27
353,C117,434441444,107.04567164179105,Indica II,27.28
354,W295,434441444,107.04567164179105,Indica II,47.32
355,W315,434441444,107.04567164179105,Indica II,29.4
356,W300,434441444,107.04567164179105,Indica II,29.13
357,W185,434441444,107.04567164179105,Indica II,43.83
358,W043,434441444,107.04567164179105,Indica II,41.84
359,W149,434441444,107.04567164179105,Indica II,45.4
360,W317,434441444,107.04567164179105,Indica II,42.61
361,W138,434441444,107.04567164179105,Indica II,64.86
362,W163,434441444,107.04567164179105,Indica II,78.87
363,C019,434441444,107.04567164179105,Indica II,14.97
364,W183,434441444,107.04567164179105,Indica II,41.2
365,W265,434441444,107.04567164179105,Indica II,43.5
366,W230,434441444,107.04567164179105,Indica II,25.57
367,C165,434441444,107.04567164179105,Indica II,20.14
368,W169,434441444,107.04567164179105,Indica II,47.84
369,C046,434441444,107.04567164179105,Indica II,28.5
370,W224,434441444,107.04567164179105,Indica II,45.4
371,W294,434441444,107.04567164179105,Indica II,13.96
372,C030,434441444,107.04567164179105,Indica II,33.03
373,W229,434441444,107.04567164179105,Indica II,55.19
374,W046,434441444,107.04567164179105,Indica II,34.03
375,W228,434441444,107.04567164179105,Indica II,41.88
376,W058,434441444,107.04567164179105,Indica II,54.37
377,W179,434441444,107.04567164179105,Indica II,38.47
378,W276,434441444,107.04567164179105,Indica II,42.41
379,W189,434441444,107.04567164179105,Indica II,47.6
380,C031,434441444,107.04567164179105,Indica II,28.48
381,C037,434441444,107.04567164179105,Indica II,27.65
382,W040,434441444,107.04567164179105,Indica II,37.75
383,C170,434441444,107.04567164179105,Indica II,22.92
384,C151,434441444,107.04567164179105,Indica II,24.3
385,C038,434441444,107.04567164179105,Indica II,20.55
386,W233,434441444,107.04567164179105,Indica II,36.4
387,W152,434441444,107.04567164179105,Indica II,47.87
388,W164,434441444,107.04567164179105,Indica II,56.01
389,W244,434441444,107.04567164179105,Indica II,38.07
390,C007,434441444,107.04567164179105,Indica II,20.44
391,W312,434441444,107.04567164179105,Indica II,55.13
392,C167,434441444,107.04567164179105,Indica II,18.49
393,W309,434441444,107.04567164179105,Indica II,50.16
394,C006,434441444,107.04567164179105,Indica II,13.96
395,W150,434441444,107.04567164179105,Indica II,36.18
396,W200,434441444,107.04567164179105,Indica II,48.88
397,W308,434441444,107.04567164179105,Indica II,30.02
398,W180,434441444,107.04567164179105,Indica II,37.7
399,W174,434441444,107.04567164179105,Indica II,41.87
400,C169,434441444,107.04567164179105,Indica II,30.26
401,W264,434441444,107.04567164179105,Indica II,44.62
402,C083,434411434,174.7,Temperate Japonica,20.45
403,C040,434441434,91.45333333333333,Indica I,25.01
404,C157,434441434,91.45333333333333,Indica I,11.06
405,W078,434441434,91.45333333333333,Indica I,26.95
406,W290,434441334,97.72,Temperate Japonica,39.86
407,C016,434441334,97.72,Temperate Japonica,12.43
408,C056,434441334,97.72,Temperate Japonica,16.88
409,C089,434441344,124.59666666666666,Temperate Japonica,15.23
410,C054,434441344,124.59666666666666,Temperate Japonica,24.28
411,W019,434441344,124.59666666666666,Temperate Japonica,31.73
412,C034,434441344,124.59666666666666,Temperate Japonica,30.28
413,W038,434441344,124.59666666666666,Temperate Japonica,43.57
414,W059,434441344,124.59666666666666,Temperate Japonica,28.65
415,W018,434441344,124.59666666666666,Temperate Japonica,13.23
416,C187,434441344,124.59666666666666,Temperate Japonica,14.5
417,W302,434441344,124.59666666666666,Temperate Japonica,46.07
418,W064,434441344,124.59666666666666,Temperate Japonica,13.13
419,C023,434441344,124.59666666666666,Temperate Japonica,27.13
420,W139,434441344,124.59666666666666,Temperate Japonica,20.34
421,C188,434441344,124.59666666666666,Temperate Japonica,12.13
422,C195,434441344,124.59666666666666,Temperate Japonica,8.72
423,W173,434441344,124.59666666666666,Temperate Japonica,35.23
424,W171,434441344,124.59666666666666,Temperate Japonica,36.34
425,W070,434441344,124.59666666666666,Temperate Japonica,56.93
426,C181,434441344,124.59666666666666,Temperate Japonica,16.84
427,W281,434441344,124.59666666666666,Temperate Japonica,23.82
428,C003,434441344,124.59666666666666,Temperate Japonica,24.54
429,C010,434441344,124.59666666666666,Temperate Japonica,21.36
430,W062,434441344,124.59666666666666,Temperate Japonica,41.03
431,W045,434441344,124.59666666666666,Temperate Japonica,18.94
432,C118,434441344,124.59666666666666,Temperate Japonica,23.85
433,W178,433441444,117.345,Indica Intermediate,30.93
434,W071,433441444,117.345,Indica Intermediate,32.24
435,W221,433441444,117.345,Indica Intermediate,25.91
436,W310,433441444,117.345,Indica Intermediate,54.69
437,C102,433441444,117.345,Indica Intermediate,16.6
438,W146,433441444,117.345,Indica Intermediate,64.45
439,W201,434441444,106.50850746268657,Indica II,51.03
440,W182,434441444,106.50850746268657,Indica II,50.03
441,W187,434441444,106.50850746268657,Indica II,13.96
442,W202,434441444,106.50850746268657,Indica II,52.28
443,W289,434441444,106.50850746268657,Indica II,31.8
444,C068,434441444,106.50850746268657,Indica II,31.13
445,W237,434441444,106.50850746268657,Indica II,72.55
446,W311,434441444,106.50850746268657,Indica II,53.65
447,C042,434441444,106.50850746268657,Indica II,27.47
448,W044,434441444,106.50850746268657,Indica II,30.48
449,C163,434441444,106.50850746268657,Indica II,16.16
450,W227,434441444,106.50850746268657,Indica II,50.01
451,W234,434441444,106.50850746268657,Indica II,43.17
452,C043,434441444,106.50850746268657,Indica II,22.34
453,W197,434441444,106.50850746268657,Indica II,64.98
454,C166,434441444,106.50850746268657,Indica II,20.12
455,C061,434441444,106.50850746268657,Indica II,25.1
456,W216,434441444,106.50850746268657,Indica II,47.57
457,W231,434441444,106.50850746268657,Indica II,40.06
458,W322,434441444,106.50850746268657,Indica II,36.91
459,W177,434441444,106.50850746268657,Indica II,39.95
460,W159,434441444,106.50850746268657,Indica II,48.61
461,C022,434441444,106.50850746268657,Indica II,21.1
462,C011,434441444,106.50850746268657,Indica II,24.11
463,W267,434441444,106.50850746268657,Indica II,49.72
464,W318,434441444,106.50850746268657,Indica II,61.22
465,W083,434441444,106.50850746268657,Indica II,32.77
466,C148,434441444,106.50850746268657,Indica II,26.72
467,C025,434441444,106.50850746268657,Indica II,25.69
468,C049,434441444,106.50850746268657,Indica II,16.2
469,W165,434441444,106.50850746268657,Indica II,52.53
470,W166,434441444,106.50850746268657,Indica II,66.81
471,W161,434441444,106.50850746268657,Indica II,49.92
472,W301,434441444,106.50850746268657,Indica II,38.48
473,W051,434441444,106.50850746268657,Indica II,41.35
474,C065,434441444,106.50850746268657,Indica II,27.86
475,W176,434441444,106.50850746268657,Indica II,49.18
476,W262,434441444,106.50850746268657,Indica II,42.45
477,W238,434441444,106.50850746268657,Indica II,36.2
478,C009,434441444,106.50850746268657,Indica II,29.62
479,W242,434441444,106.50850746268657,Indica II,44.32
480,W186,434441444,106.50850746268657,Indica II,13.96
481,C178,434441444,106.50850746268657,Indica II,23.51
482,C062,434441444,106.50850746268657,Indica II,14.31
483,W213,434441444,106.50850746268657,Indica II,31.38
484,C053,434441444,106.50850746268657,Indica II,27.49
485,C147,434441444,106.50850746268657,Indica II,27.15
486,C168,434441444,106.50850746268657,Indica II,29.36
487,W218,434441444,106.50850746268657,Indica II,22.26
488,W316,434441444,106.50850746268657,Indica II,37.4
489,W167,434441444,106.50850746268657,Indica II,45.93
490,W217,434441444,106.50850746268657,Indica II,20.5
491,W168,434441444,106.50850746268657,Indica II,42.14
492,W243,434441444,106.50850746268657,Indica II,53.58
493,W195,434441444,106.50850746268657,Indica II,68.19
494,W184,434441444,106.50850746268657,Indica II,45.16
495,C174,434441444,106.50850746268657,Indica II,27.65
496,W157,434441444,106.50850746268657,Indica II,46.17
497,W211,434441444,106.50850746268657,Indica II,25.22
498,C069,434441444,106.50850746268657,Indica II,27.13
499,W086,434441444,106.50850746268657,Indica II,33.73
500,C164,434441444,106.50850746268657,Indica II,23.03
501,W225,434441444,106.50850746268657,Indica II,28.37
502,W118,434441444,106.50850746268657,Indica II,27.03
503,C115,434441444,106.50850746268657,Indica II,23.74
504,W153,434441444,106.50850746268657,Indica II,48.48
505,C050,434441444,106.50850746268657,Indica II,23.95
506,W007,434411443,150.4,Tropical Japonica,26.76
507,W273,434411443,150.4,Tropical Japonica,35.19
508,W288,434411443,150.4,Tropical Japonica,26.15
509,W284,434411443,153.746,Tropical Japonica,19.0
510,W110,434411443,153.746,Tropical Japonica,12.99
511,W002,434411443,153.746,Tropical Japonica,11.12
512,W004,434411443,153.746,Tropical Japonica,26.55
513,C005,434411443,153.746,Tropical Japonica,22.5
514,C094,444441443,154.87,Indica Intermediate,12.4
515,W260,434441443,113.24625,Indica Intermediate,32.8
516,W188,434441443,113.24625,Indica Intermediate,51.46
517,C027,434441443,113.24625,Indica Intermediate,27.54
518,W239,434441443,113.24625,Indica Intermediate,54.41
519,C045,434441443,113.24625,Indica Intermediate,27.6
520,W085,434441443,113.24625,Indica Intermediate,39.59
521,W329,434441443,113.24625,Indica Intermediate,34.71
522,C008,434441443,113.24625,Indica Intermediate,6.03
523,W191,434444443,142.91166666666666,Intermediate,29.17
524,C099,434444443,142.91166666666666,Intermediate,18.19
525,W033,434444443,142.91166666666666,Intermediate,25.69
526,W192,434444443,142.91166666666666,Intermediate,36.02
527,C066,434444443,142.91166666666666,Intermediate,22.28
528,W107,434444443,142.91166666666666,Intermediate,27.58
